{"cameraMode":{"drawMode":0,"name":"Shaded","section":"Shading Mode"},"sceneLighting":true,"audioPlay":false,"sceneViewState":{"m_AlwaysRefresh":false,"showFog":true,"showSkybox":true,"showFlares":true,"showImageEffects":true,"showParticleSystems":true,"showVisualEffectGraphs":true,"m_FxEnabled":true},"in2DMode":false,"pivot":{"x":1.7135353088378907,"y":1.2989981174468995,"z":2.2582802772521974},"rotation":{"x":-0.03176125884056091,"y":-0.05185341462492943,"z":0.0016499877674505115,"w":-0.9981465935707092},"size":5.107395172119141,"orthographic":false}