{"cameraMode":{"drawMode":0,"name":"Shaded","section":"Shading Mode"},"sceneLighting":false,"audioPlay":false,"sceneViewState":{"m_AlwaysRefresh":false,"showFog":true,"showSkybox":false,"showFlares":true,"showImageEffects":true,"showParticleSystems":true,"showVisualEffectGraphs":true,"m_FxEnabled":true},"in2DMode":false,"pivot":{"x":-0.000011295080184936523,"y":0.26327890157699587,"z":-0.013525247573852539},"rotation":{"x":-0.0022452669218182565,"y":-0.9972323179244995,"z":0.06622307747602463,"w":-0.03381267189979553},"size":1.7195355892181397,"orthographic":false}